client_request_id,databricks_request_id,date,timestamp_ms,status_code,execution_time_ms,request,response,sampling_fraction,request_metadata
null,bc466050-63fb-4dd8-bf48-e2bdd6051c4b,2024-09-28,1727532116521,200,7,"{""dataframe_split"": {""index"": [0, 1, 2, 3, 4, 5, 6, 7, 8, 9], ""columns"": [""index"", ""ID"", ""Age"", ""Experience"", ""Income"", ""ZIP_Code"", ""Family"", ""CCAvg"", ""Education"", ""Mortgage"", ""Securities_Account"", ""CD_Account"", ""Online"", ""CreditCard""], ""data"": [[0, 1, 25, 1, 49, 91107, 4, 1.6, 1, 0, 1, 0, 0, 0], [1, 3, 39, 15, 11, 94720, 1, 1.0, 1, 0, 0, 0, 0, 0], [2, 5, 35, 8, 45, 91330, 4, 1.0, 2, 0, 0, 0, 0, 1], [3, 7, 53, 27, 72, 91711, 2, 1.5, 2, 0, 0, 0, 1, 0], [4, 9, 35, 10, 81, 90089, 3, 0.6, 2, 104, 0, 0, 1, 0], [5, 10, 34, 9, 180, 93023, 1, 8.9, 3, 0, 0, 0, 0, 0], [6, 12, 29, 5, 45, 90277, 3, 0.1, 2, 0, 0, 0, 1, 0], [7, 14, 59, 32, 40, 94920, 4, 2.5, 2, 0, 0, 0, 1, 0], [8, 15, 67, 41, 112, 91741, 1, 2.0, 1, 0, 1, 0, 0, 0], [9, 16, 60, 30, 22, 95054, 1, 1.5, 3, 0, 0, 0, 1, 1]]}}","{""predictions"": [0, 0, 0, 0, 0, 1, 0, 0, 0, 0]}",1,"{""model_name"":""lab_cddcfabfaa_model_monitor.ws_3551974319838082.loan_model"",""endpoint_name"":""anupriya-malik-databricks-com_MLas04_M03_Lab"",""model_version"":""1""}"
null,2c241a15-b4da-44b2-b126-4f9575132337,2024-09-28,1727532117030,200,7,"{""dataframe_split"": {""index"": [30, 31, 32, 33, 34, 35, 36, 37, 38, 39], ""columns"": [""index"", ""ID"", ""Age"", ""Experience"", ""Income"", ""ZIP_Code"", ""Family"", ""CCAvg"", ""Education"", ""Mortgage"", ""Securities_Account"", ""CD_Account"", ""Online"", ""CreditCard""], ""data"": [[30, 57, 55, 30, 29, 94005, 3, 0.1, 2, 0, 1, 1, 1, 0], [31, 62, 47, 21, 125, 93407, 1, 5.7, 1, 112, 1, 0, 0, 0], [32, 63, 42, 18, 22, 90089, 1, 1.0, 1, 0, 0, 0, 0, 0], [33, 65, 47, 23, 105, 90024, 2, 3.3, 1, 0, 0, 0, 0, 0], [34, 70, 53, 29, 20, 90045, 4, 0.2, 1, 0, 0, 0, 1, 0], [35, 71, 42, 18, 115, 91335, 1, 3.5, 1, 0, 0, 0, 0, 1], [36, 75, 28, 3, 135, 94611, 2, 3.3, 1, 0, 0, 0, 0, 1], [37, 76, 31, 7, 135, 94901, 4, 3.8, 2, 0, 0, 1, 1, 1], [38, 78, 46, 20, 29, 92220, 3, 0.5, 2, 0, 0, 0, 0, 0], [39, 82, 47, 22, 40, 94612, 3, 2.7, 2, 0, 0, 0, 1, 0]]}}","{""predictions"": [0, 0, 0, 0, 0, 0, 0, 1, 0, 0]}",1,"{""model_name"":""lab_cddcfabfaa_model_monitor.ws_3551974319838082.loan_model"",""endpoint_name"":""anupriya-malik-databricks-com_MLas04_M03_Lab"",""model_version"":""1""}"
null,62bad5ca-5337-4752-8a79-267ea0fc2db4,2024-09-28,1727532117486,200,6,"{""dataframe_split"": {""index"": [60, 61, 62, 63, 64, 65, 66, 67, 68, 69], ""columns"": [""index"", ""ID"", ""Age"", ""Experience"", ""Income"", ""ZIP_Code"", ""Family"", ""CCAvg"", ""Education"", ""Mortgage"", ""Securities_Account"", ""CD_Account"", ""Online"", ""CreditCard""], ""data"": [[60, 146, 59, 35, 124, 90007, 1, 7.4, 1, 0, 0, 0, 0, 1], [61, 147, 46, 19, 84, 94102, 1, 2.67, 2, 0, 0, 0, 1, 1], [62, 150, 48, 22, 42, 93955, 3, 2.2, 2, 0, 0, 0, 0, 0], [63, 151, 46, 22, 118, 94107, 2, 7.5, 1, 0, 0, 1, 1, 1], [64, 153, 57, 32, 24, 93117, 1, 1.3, 1, 0, 0, 0, 1, 1], [65, 160, 61, 35, 41, 94545, 4, 1.7, 2, 0, 1, 0, 1, 0], [66, 161, 29, 0, 134, 95819, 4, 6.5, 3, 0, 0, 0, 0, 0], [67, 165, 53, 27, 92, 95120, 2, 1.1, 1, 0, 1, 0, 0, 0], [68, 169, 50, 26, 13, 91320, 4, 1.0, 1, 0, 0, 0, 1, 0], [69, 170, 27, 1, 112, 90503, 4, 2.1, 3, 0, 0, 0, 0, 1]]}}","{""predictions"": [0, 0, 0, 0, 0, 0, 1, 0, 0, 0]}",1,"{""model_name"":""lab_cddcfabfaa_model_monitor.ws_3551974319838082.loan_model"",""endpoint_name"":""anupriya-malik-databricks-com_MLas04_M03_Lab"",""model_version"":""1""}"
null,c5be40f6-4814-4d99-a0a1-9f8d9c72bc4a,2024-09-28,1727532117517,200,6,"{""dataframe_split"": {""index"": [70, 71, 72, 73, 74, 75, 76, 77, 78, 79], ""columns"": [""index"", ""ID"", ""Age"", ""Experience"", ""Income"", ""ZIP_Code"", ""Family"", ""CCAvg"", ""Education"", ""Mortgage"", ""Securities_Account"", ""CD_Account"", ""Online"", ""CreditCard""], ""data"": [[70, 172, 52, 28, 11, 95817, 3, 0.4, 1, 0, 1, 0, 0, 0], [71, 180, 62, 37, 11, 91942, 1, 0.1, 1, 0, 0, 0, 1, 0], [72, 184, 29, 3, 148, 92173, 3, 4.1, 1, 0, 0, 0, 1, 0], [73, 185, 52, 26, 63, 92717, 2, 1.5, 2, 0, 1, 0, 1, 0], [74, 188, 46, 21, 159, 94305, 3, 1.9, 3, 315, 0, 0, 1, 0], [75, 190, 55, 29, 112, 94043, 2, 1.4, 1, 0, 0, 0, 1, 0], [76, 193, 50, 23, 85, 92122, 1, 2.67, 2, 0, 0, 0, 1, 0], [77, 199, 27, 3, 59, 94123, 4, 0.0, 1, 90, 1, 0, 1, 0], [78, 203, 30, 3, 68, 94306, 4, 2.0, 2, 0, 0, 0, 1, 0], [79, 205, 56, 31, 61, 96150, 2, 1.9, 2, 105, 0, 0, 0, 0]]}}","{""predictions"": [0, 0, 1, 0, 1, 0, 0, 0, 0, 0]}",1,"{""model_name"":""lab_cddcfabfaa_model_monitor.ws_3551974319838082.loan_model"",""endpoint_name"":""anupriya-malik-databricks-com_MLas04_M03_Lab"",""model_version"":""1""}"
null,c5ec514a-d17a-4a2e-891a-1f93c6517b65,2024-09-28,1727532117699,200,7,"{""dataframe_split"": {""index"": [90, 91, 92, 93, 94, 95, 96, 97, 98, 99], ""columns"": [""index"", ""ID"", ""Age"", ""Experience"", ""Income"", ""ZIP_Code"", ""Family"", ""CCAvg"", ""Education"", ""Mortgage"", ""Securities_Account"", ""CD_Account"", ""Online"", ""CreditCard""], ""data"": [[90, 233, 46, 19, 38, 94122, 3, 2.5, 2, 135, 0, 0, 0, 0], [91, 234, 62, 37, 58, 91320, 4, 1.7, 1, 0, 0, 0, 1, 0], [92, 235, 26, 1, 80, 95616, 1, 0.8, 2, 150, 0, 0, 0, 0], [93, 236, 38, 8, 71, 94720, 4, 1.8, 3, 0, 0, 0, 1, 0], [94, 241, 51, 26, 70, 90089, 1, 1.2, 1, 169, 0, 0, 0, 0], [95, 242, 48, 22, 71, 91711, 1, 1.4, 3, 0, 0, 0, 0, 1], [96, 243, 41, 16, 75, 94005, 1, 3.7, 3, 280, 0, 0, 0, 0], [97, 252, 54, 28, 170, 92182, 2, 6.2, 2, 325, 0, 0, 1, 0], [98, 255, 65, 41, 134, 91942, 3, 3.9, 3, 121, 0, 0, 1, 0], [99, 258, 66, 41, 18, 92691, 3, 0.5, 1, 0, 0, 0, 0, 1]]}}","{""predictions"": [0, 0, 0, 0, 0, 0, 0, 1, 1, 0]}",1,"{""model_name"":""lab_cddcfabfaa_model_monitor.ws_3551974319838082.loan_model"",""endpoint_name"":""anupriya-malik-databricks-com_MLas04_M03_Lab"",""model_version"":""1""}"
null,e026a636-207e-45c8-8bbc-dd0e7c7deb73,2024-09-28,1727532117730,200,7,"{""dataframe_split"": {""index"": [100, 101, 102, 103, 104, 105, 106, 107, 108, 109], ""columns"": [""index"", ""ID"", ""Age"", ""Experience"", ""Income"", ""ZIP_Code"", ""Family"", ""CCAvg"", ""Education"", ""Mortgage"", ""Securities_Account"", ""CD_Account"", ""Online"", ""CreditCard""], ""data"": [[100, 259, 35, 9, 24, 95747, 4, 0.3, 1, 0, 0, 0, 1, 0], [101, 262, 42, 16, 111, 93106, 2, 1.2, 3, 251, 0, 0, 1, 0], [102, 264, 27, 1, 74, 92121, 4, 1.8, 2, 112, 0, 0, 1, 1], [103, 267, 63, 38, 61, 94720, 2, 1.5, 1, 0, 0, 0, 1, 0], [104, 269, 64, 39, 129, 94002, 1, 2.5, 1, 0, 0, 0, 1, 0], [105, 276, 49, 24, 50, 94706, 4, 1.8, 3, 0, 1, 0, 0, 0], [106, 282, 57, 31, 65, 94118, 4, 2.6, 3, 0, 0, 0, 0, 1], [107, 285, 44, 19, 69, 92806, 3, 0.5, 3, 0, 0, 0, 1, 0], [108, 289, 44, 19, 172, 94306, 2, 4.3, 3, 391, 1, 1, 1, 0], [109, 292, 43, 16, 8, 90089, 3, 0.67, 2, 88, 0, 0, 1, 0]]}}","{""predictions"": [0, 0, 0, 0, 0, 0, 0, 0, 1, 0]}",1,"{""model_name"":""lab_cddcfabfaa_model_monitor.ws_3551974319838082.loan_model"",""endpoint_name"":""anupriya-malik-databricks-com_MLas04_M03_Lab"",""model_version"":""1""}"
null,93ce4c4f-b4f9-4563-8555-287434ee0c87,2024-09-28,1727532117906,200,6,"{""dataframe_split"": {""index"": [120, 121, 122, 123, 124, 125, 126, 127, 128, 129], ""columns"": [""index"", ""ID"", ""Age"", ""Experience"", ""Income"", ""ZIP_Code"", ""Family"", ""CCAvg"", ""Education"", ""Mortgage"", ""Securities_Account"", ""CD_Account"", ""Online"", ""CreditCard""], ""data"": [[120, 313, 36, 6, 21, 91741, 1, 0.67, 3, 0, 1, 0, 1, 0], [121, 318, 40, 16, 119, 91335, 2, 4.2, 2, 0, 0, 0, 1, 0], [122, 324, 59, 34, 99, 90034, 1, 4.4, 1, 0, 0, 0, 0, 0], [123, 329, 60, 35, 49, 94110, 3, 0.5, 2, 0, 0, 0, 1, 1], [124, 330, 28, 4, 191, 90064, 1, 6.33, 1, 0, 0, 0, 1, 0], [125, 336, 56, 32, 122, 95827, 2, 0.3, 1, 360, 0, 1, 1, 1], [126, 338, 57, 27, 68, 94117, 1, 1.4, 3, 0, 0, 0, 1, 0], [127, 342, 31, 6, 55, 92038, 4, 2.0, 2, 185, 0, 0, 1, 0], [128, 344, 35, 5, 22, 93407, 1, 0.67, 3, 103, 0, 0, 0, 0], [129, 345, 54, 24, 63, 92606, 3, 1.4, 3, 138, 0, 0, 1, 1]]}}","{""predictions"": [0, 1, 0, 0, 0, 0, 0, 0, 0, 0]}",1,"{""model_name"":""lab_cddcfabfaa_model_monitor.ws_3551974319838082.loan_model"",""endpoint_name"":""anupriya-malik-databricks-com_MLas04_M03_Lab"",""model_version"":""1""}"
null,16c10ae3-813a-4643-a011-ee5ffa6315f9,2024-09-28,1727532118021,200,6,"{""dataframe_split"": {""index"": [130, 131, 132, 133, 134, 135, 136, 137, 138, 139], ""columns"": [""index"", ""ID"", ""Age"", ""Experience"", ""Income"", ""ZIP_Code"", ""Family"", ""CCAvg"", ""Education"", ""Mortgage"", ""Securities_Account"", ""CD_Account"", ""Online"", ""CreditCard""], ""data"": [[130, 346, 51, 27, 12, 92192, 4, 0.5, 2, 78, 1, 0, 1, 0], [131, 349, 40, 15, 173, 95060, 4, 6.6, 1, 0, 0, 1, 1, 1], [132, 354, 53, 29, 55, 95818, 4, 1.1, 2, 0, 0, 0, 1, 0], [133, 360, 32, 6, 32, 93106, 1, 1.9, 3, 0, 0, 0, 1, 0], [134, 364, 25, 0, 30, 92691, 2, 1.7, 2, 0, 0, 0, 0, 0], [135, 365, 54, 24, 29, 92028, 3, 1.0, 3, 148, 0, 0, 0, 1], [136, 367, 50, 24, 35, 92717, 1, 0.3, 3, 0, 0, 0, 1, 0], [137, 368, 32, 8, 98, 95054, 2, 2.0, 2, 175, 0, 0, 1, 0], [138, 369, 63, 37, 30, 92054, 2, 1.0, 3, 159, 0, 0, 1, 0], [139, 372, 58, 34, 19, 92029, 4, 0.7, 1, 0, 0, 0, 0, 0]]}}","{""predictions"": [0, 1, 0, 0, 0, 0, 0, 0, 0, 0]}",1,"{""model_name"":""lab_cddcfabfaa_model_monitor.ws_3551974319838082.loan_model"",""endpoint_name"":""anupriya-malik-databricks-com_MLas04_M03_Lab"",""model_version"":""1""}"
null,ffecf19e-8669-4a59-95f6-6b925e55e11a,2024-09-28,1727532118053,200,7,"{""dataframe_split"": {""index"": [140, 141, 142, 143, 144, 145, 146, 147, 148, 149], ""columns"": [""index"", ""ID"", ""Age"", ""Experience"", ""Income"", ""ZIP_Code"", ""Family"", ""CCAvg"", ""Education"", ""Mortgage"", ""Securities_Account"", ""CD_Account"", ""Online"", ""CreditCard""], ""data"": [[140, 377, 45, 21, 61, 94304, 3, 0.7, 1, 0, 0, 0, 0, 0], [141, 381, 63, 33, 34, 94305, 1, 1.5, 3, 0, 0, 0, 1, 1], [142, 383, 65, 41, 133, 94904, 4, 2.0, 1, 0, 0, 0, 0, 1], [143, 389, 54, 30, 100, 95814, 4, 3.4, 3, 0, 0, 0, 0, 0], [144, 393, 54, 29, 48, 91709, 4, 1.8, 3, 0, 0, 0, 1, 0], [145, 397, 50, 24, 29, 93023, 4, 0.1, 1, 0, 0, 0, 0, 0], [146, 398, 26, 2, 48, 90503, 3, 0.7, 2, 0, 0, 0, 1, 0], [147, 399, 54, 30, 23, 94608, 2, 0.4, 1, 0, 0, 0, 0, 0], [148, 400, 28, 3, 84, 90024, 4, 0.2, 1, 0, 0, 0, 1, 1], [149, 401, 36, 10, 179, 94542, 3, 6.6, 1, 0, 0, 0, 1, 0]]}}","{""predictions"": [0, 0, 1, 1, 0, 0, 0, 0, 0, 1]}",1,"{""model_name"":""lab_cddcfabfaa_model_monitor.ws_3551974319838082.loan_model"",""endpoint_name"":""anupriya-malik-databricks-com_MLas04_M03_Lab"",""model_version"":""1""}"
null,1b2105f6-7c79-4a11-a625-878701159524,2024-09-28,1727532118390,200,10,"{""dataframe_split"": {""index"": [210, 211, 212, 213, 214, 215, 216, 217, 218, 219], ""columns"": [""index"", ""ID"", ""Age"", ""Experience"", ""Income"", ""ZIP_Code"", ""Family"", ""CCAvg"", ""Education"", ""Mortgage"", ""Securities_Account"", ""CD_Account"", ""Online"", ""CreditCard""], ""data"": [[210, 577, 25, -1, 48, 92870, 3, 0.3, 3, 0, 0, 0, 0, 1], [211, 579, 46, 19, 49, 92124, 3, 2.5, 2, 0, 0, 0, 1, 1], [212, 581, 52, 22, 22, 90049, 4, 0.4, 3, 0, 0, 0, 1, 1], [213, 582, 28, 3, 55, 94521, 4, 2.2, 1, 0, 0, 0, 1, 1], [214, 584, 24, -1, 38, 95045, 2, 1.7, 2, 0, 0, 0, 1, 0], [215, 585, 40, 16, 114, 91604, 1, 3.4, 1, 300, 0, 0, 1, 0], [216, 587, 39, 14, 101, 94305, 2, 0.4, 1, 0, 0, 0, 1, 1], [217, 589, 41, 17, 40, 93117, 2, 2.5, 1, 0, 0, 1, 1, 1], [218, 591, 29, 3, 39, 94612, 4, 2.1, 3, 0, 0, 0, 1, 0], [219, 593, 44, 20, 79, 95051, 4, 2.0, 3, 0, 1, 1, 1, 1]]}}","{""predictions"": [0, 0, 0, 0, 0, 0, 0, 0, 0, 0]}",1,"{""model_name"":""lab_cddcfabfaa_model_monitor.ws_3551974319838082.loan_model"",""endpoint_name"":""anupriya-malik-databricks-com_MLas04_M03_Lab"",""model_version"":""1""}"
null,6c30cb56-0478-4100-bb0f-87e2c4344623,2024-09-28,1727532118513,200,6,"{""dataframe_split"": {""index"": [220, 221, 222, 223, 224, 225, 226, 227, 228, 229], ""columns"": [""index"", ""ID"", ""Age"", ""Experience"", ""Income"", ""ZIP_Code"", ""Family"", ""CCAvg"", ""Education"", ""Mortgage"", ""Securities_Account"", ""CD_Account"", ""Online"", ""CreditCard""], ""data"": [[220, 594, 33, 7, 48, 90025, 4, 2.2, 2, 0, 0, 0, 1, 0], [221, 597, 48, 22, 152, 94022, 1, 3.5, 3, 0, 0, 0, 1, 0], [222, 600, 28, 4, 103, 94720, 2, 2.5, 1, 0, 0, 0, 1, 1], [223, 601, 56, 30, 141, 94143, 2, 0.5, 1, 0, 0, 0, 1, 0], [224, 603, 29, 5, 135, 95035, 2, 0.6, 1, 0, 0, 0, 0, 0], [225, 606, 57, 31, 41, 91330, 1, 0.2, 1, 0, 0, 0, 1, 1], [226, 607, 34, 8, 81, 91741, 3, 0.9, 2, 208, 0, 0, 1, 0], [227, 613, 65, 40, 129, 90095, 1, 1.3, 1, 0, 0, 0, 1, 1], [228, 617, 40, 14, 33, 94025, 2, 1.4, 3, 0, 0, 0, 1, 1], [229, 622, 41, 17, 114, 91125, 2, 1.8, 2, 0, 0, 0, 1, 0]]}}","{""predictions"": [0, 1, 0, 0, 0, 0, 0, 0, 0, 0]}",1,"{""model_name"":""lab_cddcfabfaa_model_monitor.ws_3551974319838082.loan_model"",""endpoint_name"":""anupriya-malik-databricks-com_MLas04_M03_Lab"",""model_version"":""1""}"
null,f9643ad7-6468-4eb6-9e90-aeac14d1c1d3,2024-09-28,1727532118631,200,6,"{""dataframe_split"": {""index"": [230, 231, 232, 233, 234, 235, 236, 237, 238, 239], ""columns"": [""index"", ""ID"", ""Age"", ""Experience"", ""Income"", ""ZIP_Code"", ""Family"", ""CCAvg"", ""Education"", ""Mortgage"", ""Securities_Account"", ""CD_Account"", ""Online"", ""CreditCard""], ""data"": [[230, 625, 33, 6, 54, 92821, 2, 1.67, 2, 122, 0, 0, 1, 0], [231, 626, 52, 28, 64, 95605, 2, 1.0, 3, 211, 0, 0, 1, 0], [232, 628, 45, 19, 70, 92677, 3, 2.1, 1, 0, 0, 0, 1, 0], [233, 630, 45, 19, 71, 91711, 4, 2.9, 1, 218, 0, 1, 1, 1], [234, 632, 45, 18, 40, 94960, 3, 1.0, 2, 0, 0, 0, 1, 0], [235, 633, 57, 32, 165, 94720, 4, 2.7, 3, 0, 0, 0, 1, 0], [236, 635, 57, 31, 32, 90034, 3, 1.4, 1, 0, 1, 1, 1, 1], [237, 637, 40, 16, 120, 92037, 2, 6.1, 1, 196, 0, 0, 1, 0], [238, 642, 35, 10, 139, 95060, 2, 7.8, 1, 0, 0, 0, 0, 0], [239, 646, 35, 9, 84, 95120, 4, 2.2, 2, 322, 0, 0, 0, 0]]}}","{""predictions"": [0, 0, 0, 0, 0, 1, 0, 0, 0, 0]}",1,"{""model_name"":""lab_cddcfabfaa_model_monitor.ws_3551974319838082.loan_model"",""endpoint_name"":""anupriya-malik-databricks-com_MLas04_M03_Lab"",""model_version"":""1""}"
null,645dca1a-9351-4d8d-a365-172beb862cb2,2024-09-28,1727532118662,200,6,"{""dataframe_split"": {""index"": [240, 241, 242, 243, 244, 245, 246, 247, 248, 249], ""columns"": [""index"", ""ID"", ""Age"", ""Experience"", ""Income"", ""ZIP_Code"", ""Family"", ""CCAvg"", ""Education"", ""Mortgage"", ""Securities_Account"", ""CD_Account"", ""Online"", ""CreditCard""], ""data"": [[240, 649, 50, 25, 34, 95621, 1, 1.3, 2, 0, 0, 0, 1, 0], [241, 653, 34, 9, 92, 90005, 1, 2.8, 1, 0, 0, 0, 1, 0], [242, 654, 49, 23, 78, 92691, 2, 2.4, 2, 205, 0, 0, 0, 1], [243, 656, 50, 25, 13, 91109, 2, 0.7, 3, 0, 0, 0, 0, 0], [244, 658, 38, 8, 23, 95207, 1, 0.67, 3, 0, 0, 0, 0, 0], [245, 659, 52, 26, 35, 91711, 3, 0.9, 3, 0, 0, 0, 0, 0], [246, 660, 63, 39, 79, 93009, 4, 1.7, 2, 0, 0, 0, 1, 1], [247, 661, 39, 14, 165, 92126, 2, 3.3, 1, 0, 0, 0, 1, 0], [248, 662, 63, 38, 52, 94720, 2, 2.8, 1, 0, 0, 0, 1, 0], [249, 667, 52, 26, 112, 92120, 1, 2.4, 1, 0, 1, 1, 1, 1]]}}","{""predictions"": [0, 0, 0, 0, 0, 0, 0, 0, 0, 0]}",1,"{""model_name"":""lab_cddcfabfaa_model_monitor.ws_3551974319838082.loan_model"",""endpoint_name"":""anupriya-malik-databricks-com_MLas04_M03_Lab"",""model_version"":""1""}"
null,8e463f98-19a3-49a8-ab69-ce1a95b3f50e,2024-09-28,1727532118923,200,6,"{""dataframe_split"": {""index"": [290, 291, 292, 293, 294, 295, 296, 297, 298, 299], ""columns"": [""index"", ""ID"", ""Age"", ""Experience"", ""Income"", ""ZIP_Code"", ""Family"", ""CCAvg"", ""Education"", ""Mortgage"", ""Securities_Account"", ""CD_Account"", ""Online"", ""CreditCard""], ""data"": [[290, 789, 58, 34, 10, 92521, 4, 0.7, 1, 0, 0, 0, 0, 0], [291, 790, 29, 3, 31, 92126, 4, 0.3, 2, 0, 0, 0, 1, 0], [292, 791, 55, 30, 58, 92028, 4, 0.9, 1, 0, 0, 0, 1, 1], [293, 792, 55, 29, 65, 94501, 4, 2.8, 2, 0, 0, 0, 1, 0], [294, 795, 54, 29, 44, 91301, 2, 2.3, 3, 0, 0, 0, 1, 0], [295, 798, 42, 17, 61, 94998, 3, 0.5, 3, 0, 0, 0, 1, 0], [296, 799, 29, 2, 38, 93063, 1, 2.0, 2, 0, 0, 0, 0, 0], [297, 801, 31, 7, 173, 91040, 1, 6.0, 1, 0, 0, 0, 1, 0], [298, 802, 47, 23, 8, 92612, 4, 0.2, 1, 0, 0, 0, 1, 0], [299, 803, 36, 12, 51, 92521, 3, 2.0, 1, 214, 0, 0, 1, 0]]}}","{""predictions"": [0, 0, 0, 0, 0, 0, 0, 0, 0, 0]}",1,"{""model_name"":""lab_cddcfabfaa_model_monitor.ws_3551974319838082.loan_model"",""endpoint_name"":""anupriya-malik-databricks-com_MLas04_M03_Lab"",""model_version"":""1""}"
null,e32af93f-5d73-4e39-a008-c9ddd4d0d823,2024-09-28,1727532119056,200,6,"{""dataframe_split"": {""index"": [310, 311, 312, 313, 314, 315, 316, 317, 318, 319], ""columns"": [""index"", ""ID"", ""Age"", ""Experience"", ""Income"", ""ZIP_Code"", ""Family"", ""CCAvg"", ""Education"", ""Mortgage"", ""Securities_Account"", ""CD_Account"", ""Online"", ""CreditCard""], ""data"": [[310, 831, 29, 5, 72, 92407, 3, 0.7, 2, 81, 0, 0, 0, 0], [311, 834, 61, 35, 63, 94939, 3, 2.2, 3, 0, 0, 0, 0, 0], [312, 835, 36, 12, 150, 95138, 4, 5.4, 1, 0, 1, 1, 1, 0], [313, 836, 58, 33, 142, 92691, 2, 3.9, 1, 193, 0, 0, 1, 1], [314, 837, 42, 17, 74, 92123, 3, 3.0, 1, 0, 0, 0, 0, 1], [315, 840, 39, 15, 79, 92646, 4, 2.4, 1, 0, 0, 0, 0, 0], [316, 841, 27, 3, 94, 92373, 2, 0.2, 1, 310, 0, 0, 0, 1], [317, 843, 34, 10, 54, 92101, 3, 2.0, 1, 0, 0, 0, 0, 0], [318, 844, 64, 39, 73, 94720, 3, 2.4, 1, 0, 0, 0, 1, 0], [319, 846, 44, 17, 29, 94706, 3, 1.0, 2, 0, 0, 0, 1, 1]]}}","{""predictions"": [0, 0, 1, 0, 0, 0, 0, 0, 0, 0]}",1,"{""model_name"":""lab_cddcfabfaa_model_monitor.ws_3551974319838082.loan_model"",""endpoint_name"":""anupriya-malik-databricks-com_MLas04_M03_Lab"",""model_version"":""1""}"
null,ad6b1961-8e05-43fb-9c49-b42179b7bc30,2024-09-28,1727532119650,200,10,"{""dataframe_split"": {""index"": [420, 421, 422, 423, 424, 425, 426, 427, 428, 429], ""columns"": [""index"", ""ID"", ""Age"", ""Experience"", ""Income"", ""ZIP_Code"", ""Family"", ""CCAvg"", ""Education"", ""Mortgage"", ""Securities_Account"", ""CD_Account"", ""Online"", ""CreditCard""], ""data"": [[420, 1129, 30, 5, 171, 94025, 2, 1.9, 2, 0, 0, 0, 0, 0], [421, 1130, 30, 4, 73, 94305, 3, 3.3, 1, 0, 0, 1, 1, 1], [422, 1131, 58, 32, 191, 94402, 1, 2.9, 1, 0, 0, 0, 0, 0], [423, 1132, 57, 27, 90, 91709, 2, 4.5, 3, 0, 0, 0, 1, 0], [424, 1133, 34, 9, 55, 94920, 3, 2.3, 1, 0, 1, 1, 1, 1], [425, 1136, 57, 33, 9, 93106, 1, 0.1, 2, 91, 1, 0, 1, 0], [426, 1140, 55, 28, 38, 95616, 3, 1.0, 2, 0, 0, 0, 1, 0], [427, 1141, 32, 6, 13, 94611, 4, 0.3, 1, 0, 0, 0, 1, 1], [428, 1142, 32, 7, 143, 91365, 3, 2.9, 3, 0, 0, 0, 1, 0], [429, 1143, 44, 20, 75, 91335, 4, 1.9, 1, 0, 0, 0, 0, 0]]}}","{""predictions"": [1, 1, 0, 0, 0, 0, 0, 0, 1, 0]}",1,"{""model_name"":""lab_cddcfabfaa_model_monitor.ws_3551974319838082.loan_model"",""endpoint_name"":""anupriya-malik-databricks-com_MLas04_M03_Lab"",""model_version"":""1""}"
null,c4310610-0de8-4d79-8cb1-455157c98854,2024-09-28,1727532119679,200,6,"{""dataframe_split"": {""index"": [430, 431, 432, 433, 434, 435, 436, 437, 438, 439], ""columns"": [""index"", ""ID"", ""Age"", ""Experience"", ""Income"", ""ZIP_Code"", ""Family"", ""CCAvg"", ""Education"", ""Mortgage"", ""Securities_Account"", ""CD_Account"", ""Online"", ""CreditCard""], ""data"": [[430, 1145, 49, 24, 91, 95822, 1, 2.8, 2, 0, 0, 0, 0, 0], [431, 1147, 31, 7, 71, 90034, 1, 0.1, 1, 78, 1, 0, 0, 0], [432, 1150, 56, 32, 158, 91763, 1, 7.4, 1, 0, 0, 0, 0, 0], [433, 1154, 55, 30, 55, 92821, 4, 0.9, 1, 215, 0, 0, 1, 1], [434, 1155, 59, 35, 42, 93555, 1, 1.8, 3, 0, 0, 0, 1, 0], [435, 1160, 50, 26, 23, 92028, 4, 0.2, 1, 0, 0, 0, 0, 1], [436, 1161, 28, 1, 40, 95134, 1, 2.0, 2, 0, 1, 0, 1, 0], [437, 1163, 38, 14, 112, 94501, 2, 2.2, 1, 394, 0, 0, 0, 0], [438, 1171, 35, 10, 104, 91320, 3, 0.6, 2, 0, 0, 0, 0, 1], [439, 1180, 36, 11, 98, 90291, 3, 1.2, 3, 0, 1, 0, 0, 1]]}}","{""predictions"": [0, 0, 0, 0, 0, 0, 0, 0, 0, 0]}",1,"{""model_name"":""lab_cddcfabfaa_model_monitor.ws_3551974319838082.loan_model"",""endpoint_name"":""anupriya-malik-databricks-com_MLas04_M03_Lab"",""model_version"":""1""}"
null,46b9ca3f-d26f-4498-b453-400fa72df951,2024-09-28,1727532119792,200,6,"{""dataframe_split"": {""index"": [440, 441, 442, 443, 444, 445, 446, 447, 448, 449], ""columns"": [""index"", ""ID"", ""Age"", ""Experience"", ""Income"", ""ZIP_Code"", ""Family"", ""CCAvg"", ""Education"", ""Mortgage"", ""Securities_Account"", ""CD_Account"", ""Online"", ""CreditCard""], ""data"": [[440, 1181, 42, 17, 90, 90504, 1, 0.1, 2, 0, 0, 0, 0, 1], [441, 1184, 50, 25, 35, 94105, 3, 1.7, 2, 0, 0, 0, 1, 1], [442, 1186, 43, 19, 31, 94025, 3, 0.5, 1, 0, 0, 0, 0, 0], [443, 1188, 61, 36, 24, 94309, 1, 1.5, 2, 87, 1, 0, 0, 0], [444, 1190, 42, 17, 115, 92717, 2, 0.4, 1, 0, 0, 0, 1, 0], [445, 1194, 58, 32, 81, 92121, 3, 1.7, 2, 0, 0, 0, 1, 1], [446, 1201, 36, 12, 22, 92507, 4, 1.0, 1, 91, 1, 0, 1, 0], [447, 1203, 35, 11, 24, 95521, 4, 0.4, 2, 0, 0, 0, 0, 0], [448, 1205, 26, 1, 190, 91604, 4, 1.3, 2, 197, 0, 0, 1, 0], [449, 1206, 32, 7, 94, 91361, 2, 3.1, 1, 0, 0, 0, 1, 0]]}}","{""predictions"": [0, 0, 0, 0, 0, 0, 0, 0, 1, 0]}",1,"{""model_name"":""lab_cddcfabfaa_model_monitor.ws_3551974319838082.loan_model"",""endpoint_name"":""anupriya-malik-databricks-com_MLas04_M03_Lab"",""model_version"":""1""}"
null,13f2e23c-59f7-444b-8196-dadf959ee5d8,2024-09-28,1727532119850,200,6,"{""dataframe_split"": {""index"": [460, 461, 462, 463, 464, 465, 466, 467, 468, 469], ""columns"": [""index"", ""ID"", ""Age"", ""Experience"", ""Income"", ""ZIP_Code"", ""Family"", ""CCAvg"", ""Education"", ""Mortgage"", ""Securities_Account"", ""CD_Account"", ""Online"", ""CreditCard""], ""data"": [[460, 1242, 64, 38, 39, 92120, 1, 0.5, 3, 0, 1, 1, 1, 1], [461, 1244, 34, 10, 110, 92697, 1, 4.0, 1, 0, 0, 0, 1, 0], [462, 1245, 33, 8, 130, 94720, 3, 6.3, 2, 99, 0, 0, 0, 1], [463, 1248, 52, 28, 39, 94606, 2, 0.8, 1, 0, 0, 0, 1, 0], [464, 1253, 42, 17, 93, 92182, 4, 1.9, 3, 0, 0, 0, 0, 0], [465, 1254, 57, 33, 45, 92346, 4, 1.5, 1, 204, 0, 0, 1, 0], [466, 1256, 27, 1, 80, 95354, 2, 1.6, 3, 185, 0, 0, 1, 1], [467, 1257, 31, 7, 20, 92115, 1, 0.4, 3, 0, 0, 0, 1, 0], [468, 1258, 63, 37, 41, 93014, 1, 0.5, 3, 0, 0, 0, 0, 1], [469, 1261, 57, 31, 40, 91107, 3, 1.4, 3, 137, 0, 0, 1, 1]]}}","{""predictions"": [0, 0, 1, 0, 0, 0, 0, 0, 0, 0]}",1,"{""model_name"":""lab_cddcfabfaa_model_monitor.ws_3551974319838082.loan_model"",""endpoint_name"":""anupriya-malik-databricks-com_MLas04_M03_Lab"",""model_version"":""1""}"
null,93105553-ffc6-4f34-b95c-ba74186c4776,2024-09-28,1727532119878,200,6,"{""dataframe_split"": {""index"": [470, 471, 472, 473, 474, 475, 476, 477, 478, 479], ""columns"": [""index"", ""ID"", ""Age"", ""Experience"", ""Income"", ""ZIP_Code"", ""Family"", ""CCAvg"", ""Education"", ""Mortgage"", ""Securities_Account"", ""CD_Account"", ""Online"", ""CreditCard""], ""data"": [[470, 1263, 26, 1, 53, 94720, 2, 1.6, 3, 0, 0, 0, 1, 0], [471, 1265, 58, 33, 138, 94546, 2, 3.9, 1, 0, 0, 0, 1, 0], [472, 1266, 32, 2, 71, 95014, 2, 1.75, 3, 108, 0, 0, 0, 0], [473, 1268, 50, 23, 23, 94720, 2, 1.0, 2, 0, 1, 0, 0, 0], [474, 1269, 34, 9, 62, 92677, 3, 2.3, 1, 0, 0, 0, 0, 0], [475, 1270, 36, 11, 14, 92673, 4, 0.2, 3, 100, 0, 0, 1, 1], [476, 1274, 60, 35, 130, 95741, 3, 6.3, 3, 437, 0, 1, 1, 1], [477, 1276, 27, 2, 92, 95616, 2, 3.1, 1, 178, 0, 0, 1, 0], [478, 1277, 42, 16, 20, 95351, 2, 0.8, 3, 117, 0, 0, 1, 1], [479, 1278, 45, 20, 194, 92110, 2, 8.8, 1, 428, 0, 0, 0, 0]]}}","{""predictions"": [0, 0, 0, 0, 0, 0, 1, 0, 0, 0]}",1,"{""model_name"":""lab_cddcfabfaa_model_monitor.ws_3551974319838082.loan_model"",""endpoint_name"":""anupriya-malik-databricks-com_MLas04_M03_Lab"",""model_version"":""1""}"
null,a7188c40-537a-41d7-af41-c92755cb27a2,2024-09-28,1727532119904,200,6,"{""dataframe_split"": {""index"": [480, 481, 482, 483, 484, 485, 486, 487, 488, 489], ""columns"": [""index"", ""ID"", ""Age"", ""Experience"", ""Income"", ""ZIP_Code"", ""Family"", ""CCAvg"", ""Education"", ""Mortgage"", ""Securities_Account"", ""CD_Account"", ""Online"", ""CreditCard""], ""data"": [[480, 1280, 48, 22, 84, 90024, 2, 0.4, 3, 145, 0, 0, 0, 0], [481, 1281, 65, 40, 98, 95064, 3, 1.8, 2, 333, 0, 0, 0, 0], [482, 1282, 39, 15, 52, 92093, 3, 2.33, 1, 0, 0, 0, 1, 0], [483, 1285, 65, 40, 128, 90740, 1, 2.5, 1, 162, 0, 0, 1, 0], [484, 1287, 29, 3, 50, 94010, 3, 1.1, 2, 0, 0, 0, 0, 1], [485, 1291, 62, 38, 100, 90277, 4, 1.7, 2, 0, 0, 0, 1, 0], [486, 1293, 56, 30, 164, 94610, 4, 0.5, 2, 234, 0, 1, 1, 1], [487, 1296, 42, 17, 28, 92866, 1, 0.5, 3, 90, 0, 0, 0, 0], [488, 1304, 29, 5, 112, 94720, 2, 2.0, 2, 382, 1, 0, 0, 0], [489, 1305, 51, 26, 145, 90025, 1, 8.1, 1, 397, 0, 0, 0, 1]]}}","{""predictions"": [0, 0, 0, 0, 0, 0, 1, 0, 0, 0]}",1,"{""model_name"":""lab_cddcfabfaa_model_monitor.ws_3551974319838082.loan_model"",""endpoint_name"":""anupriya-malik-databricks-com_MLas04_M03_Lab"",""model_version"":""1""}"
null,247779d0-842e-4cfb-9945-1973445ff94b,2024-09-28,1727532120050,200,6,"{""dataframe_split"": {""index"": [490, 491, 492, 493, 494, 495, 496, 497, 498, 499], ""columns"": [""index"", ""ID"", ""Age"", ""Experience"", ""Income"", ""ZIP_Code"", ""Family"", ""CCAvg"", ""Education"", ""Mortgage"", ""Securities_Account"", ""CD_Account"", ""Online"", ""CreditCard""], ""data"": [[490, 1308, 26, 2, 195, 94546, 1, 6.33, 1, 0, 0, 0, 1, 1], [491, 1309, 54, 24, 50, 92037, 3, 2.0, 3, 0, 0, 0, 1, 1], [492, 1312, 37, 11, 35, 90044, 2, 0.8, 3, 125, 0, 0, 0, 0], [493, 1314, 52, 27, 78, 92008, 4, 3.6, 3, 141, 0, 0, 1, 0], [494, 1321, 31, 7, 192, 90250, 1, 0.0, 2, 0, 0, 0, 1, 0], [495, 1322, 27, 3, 123, 95138, 1, 5.4, 1, 0, 0, 0, 0, 0], [496, 1330, 28, 4, 32, 90095, 3, 1.0, 2, 0, 0, 0, 0, 0], [497, 1331, 34, 9, 64, 92346, 2, 0.1, 1, 224, 0, 0, 1, 1], [498, 1332, 31, 7, 84, 92692, 1, 0.1, 1, 0, 0, 0, 1, 0], [499, 1336, 50, 24, 180, 94539, 1, 1.7, 1, 0, 0, 0, 1, 1]]}}","{""predictions"": [0, 0, 0, 0, 1, 0, 0, 0, 0, 0]}",1,"{""model_name"":""lab_cddcfabfaa_model_monitor.ws_3551974319838082.loan_model"",""endpoint_name"":""anupriya-malik-databricks-com_MLas04_M03_Lab"",""model_version"":""1""}"
null,aa9b08ca-7727-4560-bb54-b961852ebd73,2024-09-28,1727532120496,200,6,"{""dataframe_split"": {""index"": [640, 641, 642, 643, 644, 645, 646, 647, 648, 649], ""columns"": [""index"", ""ID"", ""Age"", ""Experience"", ""Income"", ""ZIP_Code"", ""Family"", ""CCAvg"", ""Education"", ""Mortgage"", ""Securities_Account"", ""CD_Account"", ""Online"", ""CreditCard""], ""data"": [[640, 1698, 64, 38, 32, 90065, 3, 0.7, 2, 0, 0, 0, 1, 1], [641, 1699, 44, 20, 149, 92121, 1, 1.7, 1, 0, 0, 0, 1, 0], [642, 1700, 51, 25, 15, 94720, 4, 0.6, 3, 0, 0, 0, 0, 1], [643, 1701, 43, 16, 71, 90089, 3, 2.33, 2, 0, 0, 0, 0, 0], [644, 1704, 65, 41, 40, 94542, 3, 0.1, 3, 0, 0, 0, 1, 0], [645, 1709, 46, 20, 12, 90250, 4, 0.6, 3, 0, 0, 0, 0, 1], [646, 1711, 31, 5, 29, 95405, 2, 0.3, 2, 131, 0, 0, 1, 1], [647, 1712, 27, 3, 201, 95819, 1, 6.33, 1, 158, 0, 0, 1, 0], [648, 1713, 44, 20, 20, 92780, 1, 1.4, 3, 0, 0, 0, 0, 0], [649, 1715, 51, 27, 155, 94720, 2, 0.4, 1, 107, 0, 0, 0, 1]]}}","{""predictions"": [0, 0, 0, 0, 0, 0, 0, 0, 0, 0]}",1,"{""model_name"":""lab_cddcfabfaa_model_monitor.ws_3551974319838082.loan_model"",""endpoint_name"":""anupriya-malik-databricks-com_MLas04_M03_Lab"",""model_version"":""1""}"
null,a6fc0de9-13a2-43ac-90ae-e47e52ce4d0a,2024-09-28,1727532120526,200,6,"{""dataframe_split"": {""index"": [650, 651, 652, 653, 654, 655, 656, 657, 658, 659], ""columns"": [""index"", ""ID"", ""Age"", ""Experience"", ""Income"", ""ZIP_Code"", ""Family"", ""CCAvg"", ""Education"", ""Mortgage"", ""Securities_Account"", ""CD_Account"", ""Online"", ""CreditCard""], ""data"": [[650, 1716, 39, 13, 25, 95370, 3, 0.2, 2, 0, 0, 0, 1, 0], [651, 1724, 39, 15, 55, 95821, 1, 1.5, 3, 0, 0, 0, 1, 0], [652, 1725, 46, 19, 24, 90025, 3, 0.67, 2, 0, 0, 0, 1, 0], [653, 1735, 35, 10, 79, 94720, 4, 2.1, 3, 182, 0, 0, 1, 0], [654, 1739, 61, 36, 38, 91129, 3, 0.9, 3, 82, 0, 0, 1, 1], [655, 1741, 45, 20, 59, 95008, 1, 2.4, 1, 0, 1, 1, 1, 0], [656, 1742, 45, 21, 121, 94066, 1, 4.7, 1, 0, 0, 0, 0, 0], [657, 1744, 50, 24, 32, 94701, 4, 1.8, 1, 109, 0, 0, 1, 0], [658, 1745, 28, 3, 29, 91105, 4, 0.8, 1, 135, 0, 0, 1, 0], [659, 1747, 62, 36, 25, 90740, 3, 0.3, 3, 0, 0, 0, 1, 1]]}}","{""predictions"": [0, 0, 0, 0, 0, 0, 0, 0, 0, 0]}",1,"{""model_name"":""lab_cddcfabfaa_model_monitor.ws_3551974319838082.loan_model"",""endpoint_name"":""anupriya-malik-databricks-com_MLas04_M03_Lab"",""model_version"":""1""}"
null,b405b4e7-948b-4545-8924-face013360ec,2024-09-28,1727532120871,200,6,"{""dataframe_split"": {""index"": [770, 771, 772, 773, 774, 775, 776, 777, 778, 779], ""columns"": [""index"", ""ID"", ""Age"", ""Experience"", ""Income"", ""ZIP_Code"", ""Family"", ""CCAvg"", ""Education"", ""Mortgage"", ""Securities_Account"", ""CD_Account"", ""Online"", ""CreditCard""], ""data"": [[770, 2038, 35, 8, 52, 95616, 2, 1.0, 2, 0, 0, 0, 0, 1], [771, 2040, 51, 25, 32, 91605, 2, 0.4, 3, 0, 0, 0, 1, 0], [772, 2041, 41, 16, 91, 94720, 3, 0.5, 3, 0, 0, 0, 0, 0], [773, 2043, 41, 17, 121, 94102, 1, 0.3, 1, 0, 0, 0, 1, 0], [774, 2049, 28, 4, 43, 94803, 1, 1.8, 2, 0, 0, 0, 1, 1], [775, 2052, 34, 8, 38, 90018, 4, 0.2, 1, 0, 0, 0, 0, 0], [776, 2053, 28, 3, 120, 94080, 1, 0.8, 1, 170, 0, 0, 0, 0], [777, 2057, 33, 8, 20, 92691, 3, 1.3, 1, 83, 0, 0, 0, 1], [778, 2058, 37, 12, 125, 91754, 2, 3.9, 1, 0, 0, 0, 1, 1], [779, 2061, 54, 29, 34, 92093, 4, 0.1, 3, 0, 0, 0, 1, 1]]}}","{""predictions"": [0, 0, 0, 0, 0, 0, 0, 0, 0, 0]}",1,"{""model_name"":""lab_cddcfabfaa_model_monitor.ws_3551974319838082.loan_model"",""endpoint_name"":""anupriya-malik-databricks-com_MLas04_M03_Lab"",""model_version"":""1""}"
null,0c90cba4-106c-4fc1-9816-f21b44cf3171,2024-09-28,1727532121423,200,7,"{""dataframe_split"": {""index"": [950, 951, 952, 953, 954, 955, 956, 957, 958, 959], ""columns"": [""index"", ""ID"", ""Age"", ""Experience"", ""Income"", ""ZIP_Code"", ""Family"", ""CCAvg"", ""Education"", ""Mortgage"", ""Securities_Account"", ""CD_Account"", ""Online"", ""CreditCard""], ""data"": [[950, 2487, 61, 36, 130, 92717, 1, 1.3, 1, 257, 0, 0, 0, 0], [951, 2488, 45, 20, 40, 92886, 1, 0.5, 3, 0, 1, 0, 1, 0], [952, 2489, 38, 14, 105, 94708, 2, 1.9, 1, 0, 0, 0, 1, 0], [953, 2493, 28, 3, 134, 96091, 2, 3.1, 1, 0, 0, 0, 1, 0], [954, 2494, 34, 9, 49, 94025, 1, 2.5, 3, 0, 0, 0, 0, 0], [955, 2495, 35, 9, 63, 92697, 2, 1.8, 1, 0, 0, 0, 1, 0], [956, 2496, 46, 22, 70, 94701, 4, 1.9, 1, 212, 0, 0, 0, 1], [957, 2498, 33, 9, 14, 95133, 3, 0.9, 3, 114, 0, 0, 0, 0], [958, 2500, 53, 27, 38, 94105, 4, 2.8, 2, 144, 1, 0, 1, 0], [959, 2503, 58, 31, 178, 92009, 2, 6.0, 2, 0, 0, 0, 1, 0]]}}","{""predictions"": [0, 0, 0, 0, 0, 0, 0, 0, 0, 1]}",1,"{""model_name"":""lab_cddcfabfaa_model_monitor.ws_3551974319838082.loan_model"",""endpoint_name"":""anupriya-malik-databricks-com_MLas04_M03_Lab"",""model_version"":""1""}"
null,3a2d682b-daba-4e54-8727-bf15d15d7efc,2024-09-28,1727532121618,200,10,"{""dataframe_split"": {""index"": [1010, 1011, 1012, 1013, 1014, 1015, 1016, 1017, 1018, 1019], ""columns"": [""index"", ""ID"", ""Age"", ""Experience"", ""Income"", ""ZIP_Code"", ""Family"", ""CCAvg"", ""Education"", ""Mortgage"", ""Securities_Account"", ""CD_Account"", ""Online"", ""CreditCard""], ""data"": [[1010, 2643, 54, 29, 81, 92096, 2, 0.0, 3, 0, 0, 0, 1, 0], [1011, 2644, 63, 38, 14, 92630, 4, 0.4, 2, 86, 0, 0, 1, 1], [1012, 2646, 36, 12, 93, 95125, 2, 2.2, 1, 0, 0, 0, 1, 0], [1013, 2649, 26, 0, 155, 93105, 2, 7.2, 1, 0, 0, 0, 0, 0], [1014, 2651, 64, 40, 52, 95060, 2, 1.1, 1, 226, 0, 0, 0, 0], [1015, 2653, 24, 0, 44, 90089, 4, 1.6, 1, 180, 0, 0, 1, 0], [1016, 2654, 30, 5, 121, 94555, 2, 3.1, 1, 408, 0, 0, 1, 0], [1017, 2655, 60, 36, 49, 94965, 4, 2.2, 1, 204, 1, 0, 1, 0], [1018, 2657, 40, 15, 144, 91040, 1, 4.1, 1, 0, 0, 0, 0, 0], [1019, 2658, 31, 6, 72, 94583, 1, 2.6, 2, 0, 0, 0, 1, 0]]}}","{""predictions"": [0, 0, 0, 0, 0, 0, 0, 0, 0, 0]}",1,"{""model_name"":""lab_cddcfabfaa_model_monitor.ws_3551974319838082.loan_model"",""endpoint_name"":""anupriya-malik-databricks-com_MLas04_M03_Lab"",""model_version"":""1""}"
null,804b7656-80db-4099-b7df-378c84968c05,2024-09-28,1727532122157,200,6,"{""dataframe_split"": {""index"": [1190, 1191, 1192, 1193, 1194, 1195, 1196, 1197, 1198, 1199], ""columns"": [""index"", ""ID"", ""Age"", ""Experience"", ""Income"", ""ZIP_Code"", ""Family"", ""CCAvg"", ""Education"", ""Mortgage"", ""Securities_Account"", ""CD_Account"", ""Online"", ""CreditCard""], ""data"": [[1190, 3091, 61, 31, 19, 91109, 1, 1.5, 3, 0, 0, 0, 1, 0], [1191, 3092, 58, 32, 42, 95020, 3, 1.4, 3, 158, 0, 0, 0, 1], [1192, 3093, 43, 18, 113, 90036, 2, 0.4, 1, 325, 1, 0, 0, 0], [1193, 3100, 65, 40, 115, 92647, 1, 2.5, 1, 174, 0, 0, 0, 1], [1194, 3102, 55, 31, 91, 93555, 2, 2.8, 1, 0, 0, 0, 0, 0], [1195, 3103, 49, 25, 30, 90095, 4, 0.9, 2, 0, 0, 0, 0, 1], [1196, 3107, 36, 10, 21, 92084, 3, 0.1, 2, 0, 0, 0, 0, 0], [1197, 3112, 34, 9, 78, 90095, 3, 0.6, 2, 0, 0, 0, 1, 0], [1198, 3113, 56, 32, 65, 92677, 2, 3.2, 3, 0, 0, 0, 1, 0], [1199, 3114, 31, 5, 50, 91330, 4, 2.1, 3, 209, 0, 0, 1, 0]]}}","{""predictions"": [0, 0, 0, 0, 0, 0, 0, 0, 0, 0]}",1,"{""model_name"":""lab_cddcfabfaa_model_monitor.ws_3551974319838082.loan_model"",""endpoint_name"":""anupriya-malik-databricks-com_MLas04_M03_Lab"",""model_version"":""1""}"
null,817462f1-7554-40b5-817f-962beb5574df,2024-09-28,1727532122187,200,6,"{""dataframe_split"": {""index"": [1200, 1201, 1202, 1203, 1204, 1205, 1206, 1207, 1208, 1209], ""columns"": [""index"", ""ID"", ""Age"", ""Experience"", ""Income"", ""ZIP_Code"", ""Family"", ""CCAvg"", ""Education"", ""Mortgage"", ""Securities_Account"", ""CD_Account"", ""Online"", ""CreditCard""], ""data"": [[1200, 3118, 42, 16, 65, 92614, 3, 0.5, 3, 256, 0, 0, 1, 0], [1201, 3120, 61, 36, 54, 91320, 3, 0.9, 3, 179, 0, 0, 1, 0], [1202, 3128, 40, 14, 61, 94539, 4, 0.2, 3, 0, 0, 0, 1, 0], [1203, 3129, 38, 12, 64, 94115, 2, 1.8, 1, 0, 0, 0, 0, 0], [1204, 3130, 39, 14, 10, 92705, 2, 0.3, 2, 0, 1, 0, 0, 1], [1205, 3131, 23, -2, 82, 92152, 2, 1.8, 2, 0, 1, 0, 0, 1], [1206, 3143, 34, 8, 175, 95051, 4, 1.1, 3, 0, 1, 1, 1, 1], [1207, 3145, 43, 18, 104, 91711, 3, 1.0, 1, 0, 0, 0, 1, 0], [1208, 3147, 26, 1, 38, 91910, 4, 1.7, 2, 0, 0, 0, 1, 0], [1209, 3148, 26, 0, 30, 94024, 4, 1.3, 3, 0, 0, 0, 1, 1]]}}","{""predictions"": [0, 0, 0, 0, 0, 0, 1, 0, 0, 0]}",1,"{""model_name"":""lab_cddcfabfaa_model_monitor.ws_3551974319838082.loan_model"",""endpoint_name"":""anupriya-malik-databricks-com_MLas04_M03_Lab"",""model_version"":""1""}"
null,d39f1195-4028-4c4b-87c5-1c89148d068f,2024-09-28,1727532122218,200,8,"{""dataframe_split"": {""index"": [1210, 1211, 1212, 1213, 1214, 1215, 1216, 1217, 1218, 1219], ""columns"": [""index"", ""ID"", ""Age"", ""Experience"", ""Income"", ""ZIP_Code"", ""Family"", ""CCAvg"", ""Education"", ""Mortgage"", ""Securities_Account"", ""CD_Account"", ""Online"", ""CreditCard""], ""data"": [[1210, 3149, 48, 22, 19, 95616, 2, 0.1, 3, 106, 0, 0, 0, 0], [1211, 3150, 49, 25, 25, 95192, 4, 1.0, 1, 0, 0, 0, 1, 1], [1212, 3156, 55, 29, 62, 92626, 3, 0.3, 2, 0, 0, 0, 1, 0], [1213, 3157, 54, 30, 24, 92647, 1, 0.1, 2, 0, 0, 0, 0, 0], [1214, 3158, 23, -1, 13, 94720, 4, 1.0, 1, 84, 0, 0, 1, 0], [1215, 3163, 33, 7, 28, 94109, 4, 0.8, 1, 0, 0, 0, 1, 0], [1216, 3167, 29, 4, 80, 90028, 1, 0.8, 2, 0, 0, 0, 1, 1], [1217, 3168, 62, 38, 58, 94720, 4, 1.2, 2, 228, 0, 0, 0, 1], [1218, 3170, 52, 28, 55, 94608, 1, 1.6, 2, 227, 0, 0, 0, 0], [1219, 3174, 34, 10, 35, 94309, 1, 1.7, 1, 0, 0, 0, 1, 0]]}}","{""predictions"": [0, 0, 0, 0, 0, 0, 0, 0, 0, 0]}",1,"{""model_name"":""lab_cddcfabfaa_model_monitor.ws_3551974319838082.loan_model"",""endpoint_name"":""anupriya-malik-databricks-com_MLas04_M03_Lab"",""model_version"":""1""}"
null,9e627bbb-b3c8-41e2-bf99-e62ab035f632,2024-09-28,1727532122247,200,6,"{""dataframe_split"": {""index"": [1220, 1221, 1222, 1223, 1224, 1225, 1226, 1227, 1228, 1229], ""columns"": [""index"", ""ID"", ""Age"", ""Experience"", ""Income"", ""ZIP_Code"", ""Family"", ""CCAvg"", ""Education"", ""Mortgage"", ""Securities_Account"", ""CD_Account"", ""Online"", ""CreditCard""], ""data"": [[1220, 3175, 49, 24, 35, 94701, 4, 0.2, 2, 0, 0, 0, 0, 1], [1221, 3182, 39, 15, 109, 95827, 1, 1.7, 1, 0, 0, 0, 1, 0], [1222, 3184, 44, 17, 12, 94542, 3, 0.67, 2, 0, 0, 0, 1, 0], [1223, 3191, 56, 26, 74, 91335, 1, 3.0, 3, 0, 0, 0, 0, 0], [1224, 3192, 30, 5, 83, 93101, 4, 1.8, 3, 0, 0, 0, 0, 1], [1225, 3198, 34, 10, 29, 93555, 1, 1.5, 2, 0, 0, 0, 1, 0], [1226, 3201, 48, 23, 70, 92122, 1, 2.8, 2, 0, 0, 0, 0, 0], [1227, 3202, 28, 3, 81, 92121, 4, 0.2, 1, 0, 0, 0, 0, 0], [1228, 3203, 30, 4, 25, 92173, 2, 0.3, 1, 0, 1, 0, 1, 0], [1229, 3207, 33, 7, 80, 91103, 2, 1.5, 3, 0, 0, 0, 1, 1]]}}","{""predictions"": [0, 0, 0, 0, 0, 0, 0, 0, 0, 0]}",1,"{""model_name"":""lab_cddcfabfaa_model_monitor.ws_3551974319838082.loan_model"",""endpoint_name"":""anupriya-malik-databricks-com_MLas04_M03_Lab"",""model_version"":""1""}"
null,637a6c80-9ca8-4b62-a36f-532d84b38895,2024-09-28,1727532122276,200,6,"{""dataframe_split"": {""index"": [1230, 1231, 1232, 1233, 1234, 1235, 1236, 1237, 1238, 1239], ""columns"": [""index"", ""ID"", ""Age"", ""Experience"", ""Income"", ""ZIP_Code"", ""Family"", ""CCAvg"", ""Education"", ""Mortgage"", ""Securities_Account"", ""CD_Account"", ""Online"", ""CreditCard""], ""data"": [[1230, 3216, 40, 15, 19, 90630, 4, 0.2, 3, 0, 0, 0, 1, 0], [1231, 3217, 34, 8, 14, 95014, 4, 0.3, 1, 0, 0, 0, 0, 0], [1232, 3219, 40, 16, 154, 94122, 2, 6.1, 1, 325, 0, 0, 1, 0], [1233, 3220, 39, 15, 33, 92346, 1, 2.0, 2, 0, 0, 0, 0, 0], [1234, 3221, 61, 35, 28, 93302, 2, 0.2, 3, 135, 0, 0, 1, 0], [1235, 3222, 40, 16, 44, 93407, 1, 1.8, 1, 0, 1, 0, 1, 0], [1236, 3227, 32, 8, 82, 93943, 3, 1.5, 1, 0, 0, 0, 1, 1], [1237, 3234, 46, 20, 111, 95037, 1, 0.0, 1, 329, 0, 0, 0, 0], [1238, 3236, 60, 35, 39, 91711, 2, 1.6, 3, 0, 0, 0, 1, 0], [1239, 3240, 30, 4, 40, 90095, 1, 0.3, 1, 0, 0, 0, 1, 0]]}}","{""predictions"": [0, 0, 0, 0, 0, 0, 0, 0, 0, 0]}",1,"{""model_name"":""lab_cddcfabfaa_model_monitor.ws_3551974319838082.loan_model"",""endpoint_name"":""anupriya-malik-databricks-com_MLas04_M03_Lab"",""model_version"":""1""}"
null,28bf399f-dca5-45a8-a9b7-ddc2699887d4,2024-09-28,1727532122304,200,6,"{""dataframe_split"": {""index"": [1240, 1241, 1242, 1243, 1244, 1245, 1246, 1247, 1248, 1249], ""columns"": [""index"", ""ID"", ""Age"", ""Experience"", ""Income"", ""ZIP_Code"", ""Family"", ""CCAvg"", ""Education"", ""Mortgage"", ""Securities_Account"", ""CD_Account"", ""Online"", ""CreditCard""], ""data"": [[1240, 3242, 41, 15, 55, 94305, 1, 2.8, 1, 0, 0, 0, 0, 0], [1241, 3244, 52, 26, 31, 92054, 4, 1.5, 3, 0, 0, 0, 1, 0], [1242, 3251, 36, 11, 101, 90212, 3, 1.2, 3, 0, 1, 0, 0, 1], [1243, 3253, 62, 38, 78, 92521, 2, 0.0, 3, 0, 0, 0, 1, 0], [1244, 3255, 61, 37, 9, 93907, 2, 0.3, 3, 0, 0, 0, 1, 0], [1245, 3256, 34, 7, 82, 95741, 4, 2.0, 2, 0, 0, 0, 1, 1], [1246, 3258, 59, 35, 84, 92407, 1, 1.8, 3, 0, 0, 0, 1, 0], [1247, 3261, 55, 30, 84, 95821, 2, 0.0, 3, 0, 0, 0, 0, 0], [1248, 3262, 64, 40, 131, 91103, 1, 3.8, 1, 0, 0, 0, 0, 0], [1249, 3265, 67, 41, 114, 95616, 4, 2.4, 3, 0, 0, 0, 1, 0]]}}","{""predictions"": [0, 0, 0, 0, 0, 0, 0, 0, 0, 0]}",1,"{""model_name"":""lab_cddcfabfaa_model_monitor.ws_3551974319838082.loan_model"",""endpoint_name"":""anupriya-malik-databricks-com_MLas04_M03_Lab"",""model_version"":""1""}"
null,cf98771a-8adf-4ba3-b943-0909524aebed,2024-09-28,1727532122501,200,6,"{""dataframe_split"": {""index"": [1310, 1311, 1312, 1313, 1314, 1315, 1316, 1317, 1318, 1319], ""columns"": [""index"", ""ID"", ""Age"", ""Experience"", ""Income"", ""ZIP_Code"", ""Family"", ""CCAvg"", ""Education"", ""Mortgage"", ""Securities_Account"", ""CD_Account"", ""Online"", ""CreditCard""], ""data"": [[1310, 3407, 42, 12, 34, 92177, 3, 2.0, 3, 0, 0, 0, 0, 1], [1311, 3410, 29, 5, 113, 95351, 2, 2.0, 2, 84, 0, 0, 1, 1], [1312, 3413, 55, 29, 79, 90029, 4, 4.9, 1, 0, 0, 0, 0, 0], [1313, 3414, 54, 24, 72, 95123, 3, 1.4, 3, 0, 0, 0, 0, 1], [1314, 3419, 57, 31, 40, 91775, 3, 1.4, 3, 0, 0, 1, 1, 1], [1315, 3421, 66, 41, 114, 94305, 1, 0.8, 3, 0, 0, 0, 1, 1], [1316, 3423, 48, 23, 41, 92677, 1, 1.4, 3, 0, 0, 0, 0, 1], [1317, 3424, 61, 35, 38, 93009, 2, 1.0, 3, 0, 0, 0, 0, 0], [1318, 3427, 31, 5, 115, 90025, 2, 1.5, 3, 189, 0, 0, 1, 0], [1319, 3431, 64, 38, 32, 90291, 2, 0.3, 1, 0, 0, 0, 1, 1]]}}","{""predictions"": [0, 0, 0, 0, 0, 0, 0, 0, 0, 0]}",1,"{""model_name"":""lab_cddcfabfaa_model_monitor.ws_3551974319838082.loan_model"",""endpoint_name"":""anupriya-malik-databricks-com_MLas04_M03_Lab"",""model_version"":""1""}"
null,c15422df-b026-43bf-92b1-6a57e40071f5,2024-09-28,1727532123493,200,6,"{""dataframe_split"": {""index"": [1650, 1651, 1652, 1653, 1654, 1655, 1656, 1657, 1658, 1659], ""columns"": [""index"", ""ID"", ""Age"", ""Experience"", ""Income"", ""ZIP_Code"", ""Family"", ""CCAvg"", ""Education"", ""Mortgage"", ""Securities_Account"", ""CD_Account"", ""Online"", ""CreditCard""], ""data"": [[1650, 4273, 47, 22, 89, 92647, 4, 1.9, 3, 0, 0, 0, 1, 0], [1651, 4274, 44, 19, 83, 95812, 2, 3.8, 3, 0, 1, 0, 0, 1], [1652, 4276, 63, 38, 102, 95616, 4, 3.4, 2, 0, 0, 0, 0, 0], [1653, 4278, 40, 16, 138, 92612, 1, 3.5, 1, 0, 0, 0, 1, 0], [1654, 4282, 28, 1, 34, 94949, 4, 1.5, 2, 162, 0, 0, 0, 1], [1655, 4284, 58, 32, 62, 91320, 3, 2.2, 3, 217, 0, 1, 1, 1], [1656, 4288, 54, 28, 42, 95207, 4, 2.5, 1, 0, 0, 0, 1, 1], [1657, 4294, 63, 38, 41, 90034, 2, 1.5, 1, 173, 0, 0, 1, 1], [1658, 4300, 30, 5, 73, 90065, 1, 2.6, 2, 133, 0, 0, 1, 0], [1659, 4302, 49, 24, 130, 92677, 4, 1.1, 1, 281, 0, 1, 1, 0]]}}","{""predictions"": [0, 0, 0, 0, 0, 0, 0, 0, 0, 1]}",1,"{""model_name"":""lab_cddcfabfaa_model_monitor.ws_3551974319838082.loan_model"",""endpoint_name"":""anupriya-malik-databricks-com_MLas04_M03_Lab"",""model_version"":""1""}"
null,2c6027ad-a791-4a7e-99b1-0aa6b5245a0e,2024-09-28,1727532123526,200,9,"{""dataframe_split"": {""index"": [1660, 1661, 1662, 1663, 1664, 1665, 1666, 1667, 1668, 1669], ""columns"": [""index"", ""ID"", ""Age"", ""Experience"", ""Income"", ""ZIP_Code"", ""Family"", ""CCAvg"", ""Education"", ""Mortgage"", ""Securities_Account"", ""CD_Account"", ""Online"", ""CreditCard""], ""data"": [[1660, 4304, 45, 21, 134, 94550, 2, 3.3, 1, 0, 0, 0, 1, 1], [1661, 4306, 26, 1, 54, 91709, 2, 1.6, 3, 0, 1, 0, 0, 0], [1662, 4307, 35, 11, 41, 92123, 3, 2.0, 1, 0, 0, 0, 1, 0], [1663, 4309, 44, 20, 132, 94115, 3, 2.6, 1, 308, 0, 0, 0, 0], [1664, 4312, 32, 8, 14, 90034, 3, 0.9, 3, 111, 0, 0, 0, 0], [1665, 4318, 58, 33, 60, 92672, 4, 1.3, 3, 0, 0, 0, 1, 0], [1666, 4319, 49, 23, 75, 92374, 1, 1.5, 2, 0, 0, 0, 0, 1], [1667, 4321, 40, 15, 143, 94801, 1, 4.1, 1, 0, 0, 0, 1, 0], [1668, 4324, 52, 28, 31, 92008, 4, 0.9, 2, 151, 1, 0, 1, 0], [1669, 4326, 59, 35, 52, 95616, 4, 1.5, 1, 0, 0, 0, 1, 1]]}}","{""predictions"": [0, 0, 0, 1, 0, 0, 0, 0, 0, 0]}",1,"{""model_name"":""lab_cddcfabfaa_model_monitor.ws_3551974319838082.loan_model"",""endpoint_name"":""anupriya-malik-databricks-com_MLas04_M03_Lab"",""model_version"":""1""}"
null,db3ecc38-59fd-48cb-a1de-58c580eed668,2024-09-28,1727532123614,200,7,"{""dataframe_split"": {""index"": [1690, 1691, 1692, 1693, 1694, 1695, 1696, 1697, 1698, 1699], ""columns"": [""index"", ""ID"", ""Age"", ""Experience"", ""Income"", ""ZIP_Code"", ""Family"", ""CCAvg"", ""Education"", ""Mortgage"", ""Securities_Account"", ""CD_Account"", ""Online"", ""CreditCard""], ""data"": [[1690, 4389, 47, 21, 123, 90840, 1, 7.3, 1, 0, 0, 0, 0, 0], [1691, 4390, 58, 32, 40, 90057, 1, 1.6, 1, 0, 1, 1, 1, 1], [1692, 4392, 46, 22, 113, 94105, 2, 3.3, 1, 0, 0, 0, 0, 1], [1693, 4393, 52, 27, 81, 92634, 4, 3.8, 2, 0, 0, 0, 0, 0], [1694, 4395, 57, 31, 25, 94523, 2, 0.7, 2, 103, 0, 0, 0, 0], [1695, 4402, 60, 35, 42, 91902, 3, 1.5, 1, 0, 0, 0, 0, 1], [1696, 4404, 50, 24, 112, 92064, 1, 0.0, 1, 0, 0, 0, 0, 0], [1697, 4405, 29, 5, 34, 94301, 1, 0.4, 3, 0, 0, 0, 0, 0], [1698, 4406, 61, 35, 83, 91320, 2, 1.7, 3, 245, 0, 0, 1, 0], [1699, 4407, 50, 25, 24, 95133, 4, 0.4, 2, 137, 0, 0, 1, 0]]}}","{""predictions"": [0, 0, 0, 0, 0, 0, 0, 0, 0, 0]}",1,"{""model_name"":""lab_cddcfabfaa_model_monitor.ws_3551974319838082.loan_model"",""endpoint_name"":""anupriya-malik-databricks-com_MLas04_M03_Lab"",""model_version"":""1""}"
null,7556d472-c704-49ec-83ce-b9481fdf56af,2024-09-28,1727532123808,200,7,"{""dataframe_split"": {""index"": [1750, 1751, 1752, 1753, 1754, 1755, 1756, 1757, 1758, 1759], ""columns"": [""index"", ""ID"", ""Age"", ""Experience"", ""Income"", ""ZIP_Code"", ""Family"", ""CCAvg"", ""Education"", ""Mortgage"", ""Securities_Account"", ""CD_Account"", ""Online"", ""CreditCard""], ""data"": [[1750, 4547, 48, 24, 74, 91109, 3, 0.7, 1, 0, 1, 0, 1, 0], [1751, 4548, 50, 25, 32, 94304, 2, 0.7, 2, 0, 0, 0, 1, 0], [1752, 4556, 43, 19, 71, 95054, 3, 0.3, 3, 179, 0, 0, 0, 0], [1753, 4562, 59, 33, 59, 91365, 3, 1.4, 3, 0, 0, 0, 0, 0], [1754, 4564, 28, 2, 188, 92350, 2, 4.5, 1, 0, 1, 0, 1, 0], [1755, 4568, 46, 20, 19, 94105, 3, 0.5, 2, 97, 1, 0, 1, 0], [1756, 4570, 47, 21, 49, 92152, 3, 2.2, 2, 0, 1, 0, 0, 0], [1757, 4572, 58, 28, 95, 94304, 1, 3.0, 3, 0, 0, 0, 0, 0], [1758, 4574, 46, 20, 73, 95616, 2, 0.8, 3, 264, 0, 1, 1, 1], [1759, 4576, 53, 27, 115, 90095, 2, 0.5, 3, 0, 0, 0, 0, 0]]}}","{""predictions"": [0, 0, 0, 0, 0, 0, 0, 0, 0, 0]}",1,"{""model_name"":""lab_cddcfabfaa_model_monitor.ws_3551974319838082.loan_model"",""endpoint_name"":""anupriya-malik-databricks-com_MLas04_M03_Lab"",""model_version"":""1""}"
null,3bf1eb95-75a2-442e-aaea-f1c3fd7f75e9,2024-09-28,1727532123895,200,6,"{""dataframe_split"": {""index"": [1780, 1781, 1782, 1783, 1784, 1785, 1786, 1787, 1788, 1789], ""columns"": [""index"", ""ID"", ""Age"", ""Experience"", ""Income"", ""ZIP_Code"", ""Family"", ""CCAvg"", ""Education"", ""Mortgage"", ""Securities_Account"", ""CD_Account"", ""Online"", ""CreditCard""], ""data"": [[1780, 4615, 56, 30, 15, 92093, 4, 0.7, 3, 102, 0, 0, 0, 0], [1781, 4616, 37, 12, 84, 93943, 4, 0.7, 3, 0, 0, 0, 1, 0], [1782, 4620, 61, 36, 23, 95521, 1, 0.1, 1, 96, 0, 0, 0, 0], [1783, 4626, 45, 21, 102, 92037, 4, 4.7, 2, 81, 0, 0, 0, 0], [1784, 4633, 54, 29, 62, 94720, 4, 0.7, 1, 0, 0, 0, 0, 1], [1785, 4634, 31, 5, 50, 93106, 1, 1.5, 1, 0, 0, 0, 1, 0], [1786, 4635, 42, 17, 29, 94928, 1, 0.6, 3, 0, 0, 0, 1, 0], [1787, 4637, 41, 16, 78, 95616, 4, 0.4, 1, 0, 0, 0, 1, 0], [1788, 4638, 44, 19, 85, 92054, 4, 1.9, 3, 0, 0, 0, 1, 1], [1789, 4639, 37, 13, 89, 91711, 2, 1.7, 2, 0, 0, 0, 1, 0]]}}","{""predictions"": [0, 0, 0, 1, 0, 0, 0, 0, 0, 0]}",1,"{""model_name"":""lab_cddcfabfaa_model_monitor.ws_3551974319838082.loan_model"",""endpoint_name"":""anupriya-malik-databricks-com_MLas04_M03_Lab"",""model_version"":""1""}"
null,cd41ee93-856c-48f5-8c6a-efcd837ed2dc,2024-09-28,1727532123923,200,6,"{""dataframe_split"": {""index"": [1790, 1791, 1792, 1793, 1794, 1795, 1796, 1797, 1798, 1799], ""columns"": [""index"", ""ID"", ""Age"", ""Experience"", ""Income"", ""ZIP_Code"", ""Family"", ""CCAvg"", ""Education"", ""Mortgage"", ""Securities_Account"", ""CD_Account"", ""Online"", ""CreditCard""], ""data"": [[1790, 4641, 30, 6, 42, 90034, 1, 2.1, 3, 0, 0, 0, 1, 0], [1791, 4642, 36, 11, 31, 94022, 4, 1.7, 1, 124, 0, 0, 1, 1], [1792, 4643, 65, 40, 143, 95616, 4, 6.6, 2, 0, 0, 0, 1, 0], [1793, 4645, 58, 34, 22, 94608, 1, 0.1, 2, 0, 0, 0, 1, 0], [1794, 4646, 34, 10, 45, 92038, 1, 1.7, 1, 84, 0, 0, 0, 0], [1795, 4648, 59, 35, 43, 95616, 4, 1.3, 1, 0, 0, 0, 1, 0], [1796, 4652, 48, 24, 58, 94005, 2, 1.7, 1, 0, 0, 0, 0, 0], [1797, 4653, 38, 12, 184, 91311, 3, 8.0, 1, 0, 0, 0, 1, 0], [1798, 4654, 34, 10, 155, 92780, 2, 6.5, 1, 0, 0, 0, 1, 1], [1799, 4657, 47, 21, 38, 91101, 3, 0.6, 2, 0, 1, 0, 0, 0]]}}","{""predictions"": [0, 0, 1, 0, 0, 0, 0, 1, 0, 0]}",1,"{""model_name"":""lab_cddcfabfaa_model_monitor.ws_3551974319838082.loan_model"",""endpoint_name"":""anupriya-malik-databricks-com_MLas04_M03_Lab"",""model_version"":""1""}"
null,285e6c00-9f63-4768-9223-09d3e50601fb,2024-09-28,1727532123949,200,6,"{""dataframe_split"": {""index"": [1800, 1801, 1802, 1803, 1804, 1805, 1806, 1807, 1808, 1809], ""columns"": [""index"", ""ID"", ""Age"", ""Experience"", ""Income"", ""ZIP_Code"", ""Family"", ""CCAvg"", ""Education"", ""Mortgage"", ""Securities_Account"", ""CD_Account"", ""Online"", ""CreditCard""], ""data"": [[1800, 4663, 56, 31, 59, 94303, 2, 1.9, 2, 0, 0, 0, 1, 0], [1801, 4665, 62, 37, 83, 93657, 4, 0.1, 2, 0, 0, 0, 0, 0], [1802, 4666, 40, 16, 65, 90095, 2, 3.2, 1, 0, 0, 0, 1, 0], [1803, 4669, 40, 14, 63, 94025, 3, 0.5, 3, 221, 0, 0, 1, 0], [1804, 4670, 27, 1, 64, 94501, 4, 1.8, 2, 0, 0, 0, 1, 1], [1805, 4671, 52, 26, 194, 94305, 1, 1.7, 1, 0, 0, 0, 1, 0], [1806, 4672, 39, 14, 104, 95035, 1, 4.0, 3, 0, 0, 1, 1, 1], [1807, 4675, 40, 14, 93, 93933, 1, 2.8, 3, 328, 1, 1, 1, 1], [1808, 4681, 46, 21, 154, 90245, 2, 2.8, 1, 94, 0, 0, 0, 0], [1809, 4683, 55, 25, 44, 92093, 3, 1.0, 3, 0, 0, 0, 1, 0]]}}","{""predictions"": [0, 0, 0, 0, 0, 0, 1, 0, 0, 0]}",1,"{""model_name"":""lab_cddcfabfaa_model_monitor.ws_3551974319838082.loan_model"",""endpoint_name"":""anupriya-malik-databricks-com_MLas04_M03_Lab"",""model_version"":""1""}"
null,7fb31c54-fbd1-41d1-afe1-f1ce1ed087a7,2024-09-28,1727532123977,200,7,"{""dataframe_split"": {""index"": [1810, 1811, 1812, 1813, 1814, 1815, 1816, 1817, 1818, 1819], ""columns"": [""index"", ""ID"", ""Age"", ""Experience"", ""Income"", ""ZIP_Code"", ""Family"", ""CCAvg"", ""Education"", ""Mortgage"", ""Securities_Account"", ""CD_Account"", ""Online"", ""CreditCard""], ""data"": [[1810, 4686, 63, 39, 41, 91355, 4, 1.3, 2, 0, 0, 0, 1, 0], [1811, 4689, 29, 3, 69, 92093, 4, 1.8, 2, 0, 0, 0, 1, 1], [1812, 4690, 51, 27, 43, 95053, 4, 1.1, 2, 164, 0, 0, 1, 1], [1813, 4692, 41, 17, 65, 90024, 3, 2.1, 3, 0, 0, 0, 1, 0], [1814, 4695, 39, 13, 25, 94132, 2, 0.8, 3, 0, 0, 0, 0, 0], [1815, 4696, 45, 19, 70, 95605, 1, 2.8, 1, 0, 0, 0, 0, 1], [1816, 4699, 48, 22, 162, 94143, 3, 1.4, 1, 400, 0, 0, 0, 0], [1817, 4703, 35, 5, 108, 90630, 2, 2.75, 3, 0, 1, 0, 0, 0], [1818, 4707, 60, 36, 8, 92626, 2, 1.0, 1, 0, 0, 0, 0, 0], [1819, 4712, 65, 40, 59, 94022, 3, 2.4, 1, 0, 0, 0, 0, 0]]}}","{""predictions"": [0, 0, 0, 0, 0, 0, 1, 0, 0, 0]}",1,"{""model_name"":""lab_cddcfabfaa_model_monitor.ws_3551974319838082.loan_model"",""endpoint_name"":""anupriya-malik-databricks-com_MLas04_M03_Lab"",""model_version"":""1""}"
null,b3f4cc73-aada-4581-a4fe-730472f8f499,2024-09-28,1727532124005,200,6,"{""dataframe_split"": {""index"": [1820, 1821, 1822, 1823, 1824, 1825, 1826, 1827, 1828, 1829], ""columns"": [""index"", ""ID"", ""Age"", ""Experience"", ""Income"", ""ZIP_Code"", ""Family"", ""CCAvg"", ""Education"", ""Mortgage"", ""Securities_Account"", ""CD_Account"", ""Online"", ""CreditCard""], ""data"": [[1820, 4713, 25, 0, 14, 94309, 2, 0.9, 3, 0, 0, 0, 0, 1], [1821, 4718, 29, 5, 121, 95449, 1, 1.5, 1, 0, 0, 0, 1, 0], [1822, 4721, 41, 15, 88, 90740, 1, 2.8, 3, 0, 1, 0, 0, 0], [1823, 4722, 52, 26, 70, 94117, 2, 1.1, 1, 0, 1, 0, 1, 0], [1824, 4724, 39, 15, 125, 90250, 1, 3.5, 1, 0, 0, 0, 1, 1], [1825, 4726, 34, 8, 75, 95814, 2, 1.8, 1, 0, 0, 0, 0, 0], [1826, 4728, 41, 17, 58, 92009, 4, 2.67, 1, 0, 0, 0, 1, 1], [1827, 4729, 59, 35, 31, 90630, 3, 0.4, 2, 0, 0, 0, 1, 0], [1828, 4732, 37, 11, 29, 91711, 2, 1.4, 3, 0, 0, 0, 1, 1], [1829, 4738, 61, 36, 85, 94998, 3, 1.8, 2, 0, 0, 0, 0, 0]]}}","{""predictions"": [0, 0, 0, 0, 0, 0, 0, 0, 0, 0]}",1,"{""model_name"":""lab_cddcfabfaa_model_monitor.ws_3551974319838082.loan_model"",""endpoint_name"":""anupriya-malik-databricks-com_MLas04_M03_Lab"",""model_version"":""1""}"
null,cc264edf-a753-46e4-a76a-8aeb6b9d6eb1,2024-09-28,1727532124033,200,6,"{""dataframe_split"": {""index"": [1830, 1831, 1832, 1833, 1834, 1835, 1836, 1837, 1838, 1839], ""columns"": [""index"", ""ID"", ""Age"", ""Experience"", ""Income"", ""ZIP_Code"", ""Family"", ""CCAvg"", ""Education"", ""Mortgage"", ""Securities_Account"", ""CD_Account"", ""Online"", ""CreditCard""], ""data"": [[1830, 4741, 56, 30, 178, 93940, 1, 2.9, 1, 0, 0, 0, 1, 0], [1831, 4743, 58, 33, 25, 92121, 4, 0.9, 2, 90, 0, 0, 1, 1], [1832, 4744, 50, 26, 21, 94305, 1, 0.2, 1, 0, 0, 0, 1, 0], [1833, 4745, 44, 20, 72, 95616, 3, 0.3, 3, 0, 0, 0, 1, 0], [1834, 4748, 49, 25, 91, 94704, 4, 1.4, 2, 0, 0, 0, 1, 0], [1835, 4749, 43, 18, 38, 94309, 1, 0.5, 3, 144, 0, 0, 1, 0], [1836, 4750, 31, 5, 21, 94115, 3, 1.0, 1, 0, 0, 0, 1, 0], [1837, 4753, 39, 14, 178, 92123, 1, 4.1, 1, 207, 0, 0, 1, 0], [1838, 4757, 30, 4, 78, 92677, 4, 2.2, 2, 236, 1, 0, 0, 0], [1839, 4758, 26, 2, 135, 94588, 1, 1.5, 1, 0, 0, 0, 0, 0]]}}","{""predictions"": [0, 0, 0, 0, 0, 0, 0, 0, 0, 0]}",1,"{""model_name"":""lab_cddcfabfaa_model_monitor.ws_3551974319838082.loan_model"",""endpoint_name"":""anupriya-malik-databricks-com_MLas04_M03_Lab"",""model_version"":""1""}"
null,8a64ef63-d1a1-4158-9b95-31eb48b11dba,2024-09-28,1727532124061,200,6,"{""dataframe_split"": {""index"": [1840, 1841, 1842, 1843, 1844, 1845, 1846, 1847, 1848, 1849], ""columns"": [""index"", ""ID"", ""Age"", ""Experience"", ""Income"", ""ZIP_Code"", ""Family"", ""CCAvg"", ""Education"", ""Mortgage"", ""Securities_Account"", ""CD_Account"", ""Online"", ""CreditCard""], ""data"": [[1840, 4760, 66, 41, 80, 92093, 4, 0.1, 2, 0, 0, 0, 1, 0], [1841, 4763, 37, 7, 94, 91016, 4, 1.8, 3, 232, 0, 0, 1, 0], [1842, 4766, 58, 34, 82, 94025, 1, 4.3, 1, 263, 0, 0, 0, 0], [1843, 4770, 26, 2, 20, 95064, 4, 1.0, 1, 116, 0, 0, 0, 0], [1844, 4772, 36, 11, 85, 90502, 3, 1.2, 3, 0, 0, 0, 1, 0], [1845, 4773, 26, 2, 95, 92130, 3, 0.8, 1, 0, 0, 0, 1, 0], [1846, 4775, 56, 32, 22, 91768, 1, 1.2, 3, 0, 0, 0, 1, 1], [1847, 4777, 47, 23, 40, 95123, 2, 2.1, 3, 156, 0, 0, 1, 0], [1848, 4780, 39, 14, 20, 90747, 1, 0.6, 3, 0, 0, 0, 1, 0], [1849, 4781, 47, 20, 49, 92104, 3, 2.5, 2, 0, 0, 0, 1, 0]]}}","{""predictions"": [0, 0, 0, 0, 0, 0, 0, 0, 0, 0]}",1,"{""model_name"":""lab_cddcfabfaa_model_monitor.ws_3551974319838082.loan_model"",""endpoint_name"":""anupriya-malik-databricks-com_MLas04_M03_Lab"",""model_version"":""1""}"
